-- phpMyAdmin SQL Dump
-- version 5.1.1
-- https://www.phpmyadmin.net/
--
-- Хост: localhost
-- Время создания: Янв 25 2022 г., 12:02
-- Версия сервера: 10.6.5-MariaDB
-- Версия PHP: 8.0.13

SET SQL_MODE = "NO_AUTO_VALUE_ON_ZERO";
START TRANSACTION;
SET time_zone = "+00:00";


/*!40101 SET @OLD_CHARACTER_SET_CLIENT=@@CHARACTER_SET_CLIENT */;
/*!40101 SET @OLD_CHARACTER_SET_RESULTS=@@CHARACTER_SET_RESULTS */;
/*!40101 SET @OLD_COLLATION_CONNECTION=@@COLLATION_CONNECTION */;
/*!40101 SET NAMES utf8mb4 */;

--
-- База данных: `db2`
--

-- --------------------------------------------------------

--
-- Структура таблицы `book`
--

CREATE TABLE `book` (
  `Book_id` int(10) UNSIGNED NOT NULL,
  `Book_name` varchar(100) CHARACTER SET utf8mb3 NOT NULL,
  `Style_id` int(10) UNSIGNED DEFAULT NULL,
  `Recency_id` int(10) UNSIGNED DEFAULT NULL,
  `Location_id` int(10) UNSIGNED DEFAULT NULL
) ENGINE=InnoDB DEFAULT CHARSET=latin1;

--
-- Дамп данных таблицы `book`
--

INSERT INTO `book` (`Book_id`, `Book_name`, `Style_id`, `Recency_id`, `Location_id`) VALUES
(1, 'Book1', 24, 21, 23),
(2, 'Book2', 21, 8, 14),
(3, 'Book3', 10, 15, 15),
(4, 'Book4', 20, 7, 10),
(5, 'Book5', 10, 5, 10),
(6, 'Book6', 19, 9, 11),
(7, 'Book7', 16, 14, 17),
(8, 'Book8', 16, 12, 17),
(9, 'Book9', 6, 4, 20),
(10, 'Book10', 83, 4, 22),
(11, 'Book11', 14, 21, 9),
(12, 'Book12', 5, 12, 21),
(13, 'Book13', 12, 9, 13),
(14, 'Book14', 17, 19, 25),
(15, 'Book15', 12, 9, 23),
(16, 'Book16', 2, 4, 2),
(17, 'Book17', 7, 22, 2),
(18, 'Book18', 20, 3, 17),
(19, 'Book19', 23, 25, 13),
(20, 'Book20', 23, 3, 21),
(21, 'Book21', 16, 14, 9),
(22, 'Book22', 18, 23, 13),
(23, 'Book23', 17, 10, 7),
(24, 'Book24', 8, 18, 22),
(25, 'Book25', 15, 24, 15),
(26, 'Book26', 13, 6, 9),
(27, 'Book27', 6, 4, 9),
(28, 'Book28', 13, 9, 15),
(29, 'Book29', 3, 17, 5),
(30, 'Book30', 21, 25, 11),
(31, 'Book31', 21, 22, 18),
(32, 'Book32', 4, 19, 19),
(33, 'Book33', 6, 21, 23),
(34, 'Book34', 14, 19, 22),
(35, 'Book35', 19, 23, 16),
(36, 'Book36', 12, 15, 8),
(37, 'Book37', 2, 21, 17),
(38, 'Book38', 15, 7, 20),
(39, 'Book39', 16, 5, 18),
(40, 'Book40', 3, 16, 17),
(41, 'Book41', 24, 25, 3),
(42, 'Book42', 9, 15, 22),
(43, 'Book43', 18, 2, 18),
(44, 'Book44', 25, 3, 12),
(45, 'Book45', 2, 16, 7),
(46, 'Book46', 83, 9, 25),
(47, 'Book47', 5, 18, 24),
(48, 'Book48', 4, 6, 21),
(49, 'Book49', 24, 2, 16),
(50, 'Book50', 12, 18, 22),
(51, 'Book51', 15, 8, 23),
(52, 'Book52', 4, 8, 5),
(53, 'Book53', 15, 22, 18),
(54, 'Book54', 20, 23, 19),
(55, 'Book55', 12, 8, 14),
(56, 'Book56', 5, 20, 3),
(57, 'Book57', 13, 7, 8),
(58, 'Book58', 14, 25, 3),
(59, 'Book59', 25, 8, 25),
(60, 'Book60', 6, 21, 9),
(61, 'Book61', 23, 9, 17),
(62, 'Book62', 22, 14, 13),
(63, 'Book63', 25, 22, 15),
(64, 'Book64', 11, 13, 24),
(65, 'Book65', 24, 20, 4),
(66, 'Book66', 14, 23, 18),
(67, 'Book67', 22, 4, 11),
(68, 'Book68', 8, 12, 3),
(69, 'Book69', 7, 10, 16),
(70, 'Book70', 16, 5, 5),
(71, 'Book71', 10, 9, 22),
(72, 'Book72', 16, 5, 19),
(73, 'Book73', 10, 21, 6),
(74, 'Book74', 10, 25, 17),
(75, 'Book75', 18, 12, 5),
(76, 'Book76', 83, 4, 16),
(77, 'Book77', 4, 13, 2),
(78, 'Book78', 25, 24, 4),
(79, 'Book79', 22, 7, 13),
(80, 'Book80', 18, 24, 19),
(81, 'Book81', 18, 18, 14),
(82, 'Book82', 83, 19, 20),
(83, 'Book83', 12, 5, 17),
(84, 'Book84', 10, 2, 19),
(85, 'Book85', 22, 6, 25),
(86, 'Book86', 18, 3, 18),
(87, 'Book87', 25, 9, 19),
(88, 'Book88', 2, 16, 18),
(89, 'Book89', 16, 8, 21),
(90, 'Book90', 13, 22, 16),
(91, 'Book91', 19, 2, 14),
(92, 'Book92', 3, 14, 25),
(93, 'Book93', 6, 17, 19),
(94, 'Book94', 22, 15, 4),
(95, 'Book95', 12, 23, 19),
(96, 'Book96', 4, 10, 3),
(97, 'Book97', 4, 23, 4),
(98, 'Book98', 20, 13, 11),
(99, 'Book99', 15, 7, 16),
(100, 'Book100', 8, 2, 11),
(101, 'Book101', 3, 22, 21),
(102, 'Book102', 9, 16, 4),
(103, 'Book103', 23, 16, 4),
(104, 'Book104', 23, 7, 25),
(105, 'Book105', 23, 2, 16),
(106, 'Book106', 21, 7, 2),
(107, 'Book107', 6, 23, 20),
(108, 'Book108', 23, 23, 3),
(109, 'Book109', 12, 11, 18),
(110, 'Book110', 3, 15, 8),
(111, 'Book111', 13, 18, 24),
(112, 'Book112', 2, 18, 20),
(113, 'Book113', 14, 14, 24),
(114, 'Book114', 12, 2, 6),
(115, 'Book115', 2, 19, 20),
(116, 'Book116', 6, 15, 22),
(117, 'Book117', 11, 8, 12),
(118, 'Book118', 15, 14, 14),
(119, 'Book119', 24, 8, 23),
(120, 'Book120', 11, 19, 15),
(121, 'Book121', 10, 6, 21),
(122, 'Book122', 16, 23, 7),
(123, 'Book123', 13, 19, 14),
(124, 'Book124', 7, 14, 12),
(125, 'Book125', 22, 10, 11),
(126, 'Book126', 10, 19, 16),
(127, 'Book127', 8, 24, 17),
(128, 'Book128', 2, 22, 15),
(129, 'Book129', 13, 3, 21),
(130, 'Book130', 7, 18, 6),
(131, 'Book131', 10, 11, 2),
(132, 'Book132', 21, 23, 13),
(133, 'Book133', 17, 16, 22),
(134, 'Book134', 24, 22, 3),
(135, 'Book135', 83, 18, 13),
(136, 'Book136', 10, 2, 6),
(137, 'Book137', 7, 7, 20),
(138, 'Book138', 6, 24, 12),
(139, 'Book139', 5, 12, 4),
(140, 'Book140', 9, 18, 18),
(141, 'Book141', 23, 21, 14),
(142, 'Book142', 24, 23, 2),
(143, 'Book143', 22, 7, 6),
(144, 'Book144', 18, 4, 12),
(145, 'Book145', 13, 18, 4),
(146, 'Book146', 2, 6, 17),
(147, 'Book147', 15, 2, 7),
(148, 'Book148', 24, 13, 2),
(149, 'Book149', 17, 12, 25),
(150, 'Book150', 19, 3, 17),
(151, 'Book151', 18, 16, 17),
(152, 'Book152', 10, 2, 6),
(153, 'Book153', 11, 5, 12),
(154, 'Book154', 10, 9, 14),
(155, 'Book155', 23, 21, 5),
(156, 'Book156', 12, 19, 5),
(157, 'Book157', 25, 20, 4),
(158, 'Book158', 18, 17, 13),
(159, 'Book159', 25, 19, 17),
(160, 'Book160', 8, 9, 16),
(161, 'Book161', 11, 24, 3),
(162, 'Book162', 12, 8, 4),
(163, 'Book163', 17, 20, 13),
(164, 'Book164', 13, 14, 21),
(165, 'Book165', 14, 17, 15),
(166, 'Book166', 14, 9, 6),
(167, 'Book167', 14, 19, 6),
(168, 'Book168', 14, 17, 17),
(169, 'Book169', 14, 17, 12),
(170, 'Book170', 2, 18, 12),
(171, 'Book171', 2, 8, 3),
(172, 'Book172', 7, 3, 10),
(173, 'Book173', 12, 18, 10),
(174, 'Book174', 2, 17, 13),
(175, 'Book175', 5, 14, 2),
(176, 'Book176', 2, 4, 22),
(177, 'Book177', 23, 11, 2),
(178, 'Book178', 4, 7, 9),
(179, 'Book179', 11, 12, 15),
(180, 'Book180', 3, 2, 21),
(181, 'Book181', 6, 11, 5),
(182, 'Book182', 7, 9, 4),
(183, 'Book183', 25, 15, 11),
(184, 'Book184', 12, 18, 2),
(185, 'Book185', 24, 22, 14),
(186, 'Book186', 24, 8, 9),
(187, 'Book187', 83, 18, 11),
(188, 'Book188', 83, 10, 19),
(189, 'Book189', 2, 14, 15),
(190, 'Book190', 4, 19, 24),
(191, 'Book191', 25, 21, 24),
(192, 'Book192', 18, 10, 3),
(193, 'Book193', 5, 11, 22),
(194, 'Book194', 7, 13, 24),
(195, 'Book195', 9, 20, 14),
(196, 'Book196', 25, 25, 2),
(197, 'Book197', 14, 15, 20),
(198, 'Book198', 21, 24, 16),
(199, 'Book199', 15, 14, 17),
(200, 'Book200', 16, 16, 24),
(201, 'Book201', 5, 6, 12),
(202, 'Book202', 3, 12, 13),
(203, 'Book203', 83, 18, 22),
(204, 'Book204', 2, 5, 20),
(205, 'Book205', 2, 13, 21),
(206, 'Book206', 9, 21, 4),
(207, 'Book207', 4, 10, 14),
(208, 'Book208', 4, 2, 10),
(209, 'Book209', 14, 15, 10),
(210, 'Book210', 24, 9, 5),
(211, 'Book211', 18, 4, 19),
(212, 'Book212', 24, 23, 5),
(213, 'Book213', 17, 5, 16),
(214, 'Book214', 6, 19, 23),
(215, 'Book215', 22, 5, 2),
(216, 'Book216', 5, 13, 4),
(217, 'Book217', 7, 19, 12),
(218, 'Book218', 25, 14, 8),
(219, 'Book219', 8, 17, 4),
(220, 'Book220', 9, 19, 14),
(221, 'Book221', 13, 11, 18),
(222, 'Book222', 21, 18, 25),
(223, 'Book223', 5, 16, 10),
(224, 'Book224', 14, 5, 18),
(225, 'Book225', 19, 4, 23),
(226, 'Book226', 16, 15, 2),
(227, 'Book227', 16, 10, 19),
(228, 'Book228', 24, 19, 12),
(229, 'Book229', 8, 22, 16),
(230, 'Book230', 22, 10, 8),
(231, 'Book231', 15, 13, 4),
(232, 'Book232', 3, 21, 13),
(233, 'Book233', 12, 6, 14),
(234, 'Book234', 17, 22, 22),
(235, 'Book235', 22, 4, 11),
(236, 'Book236', 6, 24, 7),
(237, 'Book237', 4, 18, 23),
(238, 'Book238', 19, 18, 9),
(239, 'Book239', 9, 24, 16),
(240, 'Book240', 6, 5, 24),
(241, 'Book241', 10, 5, 4),
(242, 'Book242', 3, 11, 24),
(243, 'Book243', 15, 19, 18),
(244, 'Book244', 14, 3, 13),
(245, 'Book245', 14, 8, 3),
(246, 'Book246', 17, 15, 12),
(247, 'Book247', 4, 2, 9),
(248, 'Book248', 17, 25, 17),
(249, 'Book249', 3, 21, 17),
(250, 'Book250', 12, 25, 24),
(251, 'Book251', 15, 18, 7),
(252, 'Book252', 14, 12, 10),
(253, 'Book253', 10, 4, 11),
(254, 'Book254', 25, 15, 22),
(255, 'Book255', 10, 22, 9),
(256, 'Book256', 3, 20, 11),
(257, 'Book257', 15, 8, 2),
(258, 'Book258', 19, 5, 18),
(259, 'Book259', 18, 17, 12),
(260, 'Book260', 18, 23, 20),
(261, 'Book261', 24, 8, 8),
(262, 'Book262', 7, 5, 3),
(263, 'Book263', 13, 7, 24),
(264, 'Book264', 13, 6, 7),
(265, 'Book265', 11, 6, 5),
(266, 'Book266', 23, 6, 10),
(267, 'Book267', 3, 7, 9),
(268, 'Book268', 6, 12, 19),
(269, 'Book269', 13, 24, 21),
(270, 'Book270', 9, 10, 3),
(271, 'Book271', 9, 13, 23),
(272, 'Book272', 3, 23, 3),
(273, 'Book273', 14, 17, 8),
(274, 'Book274', 22, 23, 15),
(275, 'Book275', 2, 18, 10),
(276, 'Book276', 18, 9, 17),
(277, 'Book277', 8, 2, 16),
(278, 'Book278', 7, 3, 4),
(279, 'Book279', 10, 7, 24),
(280, 'Book280', 7, 3, 10),
(281, 'Book281', 23, 10, 2),
(282, 'Book282', 22, 2, 17),
(283, 'Book283', 15, 5, 16),
(284, 'Book284', 4, 21, 25),
(285, 'Book285', 16, 10, 11),
(286, 'Book286', 10, 13, 12),
(287, 'Book287', 25, 12, 20),
(288, 'Book288', 16, 14, 22),
(289, 'Book289', 6, 14, 2),
(290, 'Book290', 83, 25, 5),
(291, 'Book291', 7, 12, 21),
(292, 'Book292', 24, 16, 13),
(293, 'Book293', 21, 8, 6),
(294, 'Book294', 15, 5, 15),
(295, 'Book295', 13, 12, 2),
(296, 'Book296', 7, 12, 5),
(297, 'Book297', 8, 20, 2),
(298, 'Book298', 21, 5, 25),
(299, 'Book299', 24, 3, 8),
(300, 'Book300', 3, 12, 10),
(301, 'Book301', 7, 12, 2),
(302, 'Book302', 15, 20, 23),
(303, 'Book303', 10, 10, 23),
(304, 'Book304', 22, 22, 4),
(305, 'Book305', 22, 12, 12),
(306, 'Book306', 23, 9, 11),
(307, 'Book307', 11, 11, 24),
(308, 'Book308', 18, 10, 3),
(309, 'Book309', 5, 23, 24),
(310, 'Book310', 11, 6, 16),
(311, 'Book311', 10, 15, 3),
(312, 'Book312', 21, 17, 21),
(313, 'Book313', 24, 23, 16),
(314, 'Book314', 9, 10, 16),
(315, 'Book315', 5, 8, 10),
(316, 'Book316', 16, 5, 22),
(317, 'Book317', 5, 3, 22),
(318, 'Book318', 7, 20, 19),
(319, 'Book319', 8, 4, 10),
(320, 'Book320', 22, 25, 10),
(321, 'Book321', 16, 2, 20),
(322, 'Book322', 25, 4, 7),
(323, 'Book323', 20, 4, 6),
(324, 'Book324', 2, 10, 5),
(325, 'Book325', 12, 25, 8),
(326, 'Book326', 13, 15, 19),
(327, 'Book327', 2, 16, 23),
(328, 'Book328', 16, 23, 22),
(329, 'Book329', 24, 18, 25),
(330, 'Book330', 18, 4, 5),
(331, 'Book331', 6, 24, 23),
(332, 'Book332', 3, 10, 9),
(333, 'Book333', 25, 13, 6),
(334, 'Book334', 15, 3, 2),
(335, 'Book335', 25, 5, 25),
(336, 'Book336', 83, 14, 19),
(337, 'Book337', 23, 7, 5),
(338, 'Book338', 11, 4, 11),
(339, 'Book339', 7, 14, 3),
(340, 'Book340', 8, 5, 21),
(341, 'Book341', 24, 25, 24),
(342, 'Book342', 25, 6, 17),
(343, 'Book343', 24, 10, 4),
(344, 'Book344', 13, 15, 5),
(345, 'Book345', 19, 5, 24),
(346, 'Book346', 24, 25, 11),
(347, 'Book347', 19, 6, 25),
(348, 'Book348', 83, 19, 6),
(349, 'Book349', 18, 2, 19),
(350, 'Book350', 12, 7, 25),
(351, 'Book351', 12, 9, 8),
(352, 'Book352', 3, 10, 5),
(353, 'Book353', 16, 23, 19),
(354, 'Book354', 14, 5, 8),
(355, 'Book355', 12, 5, 15),
(356, 'Book356', 3, 5, 15),
(357, 'Book357', 10, 22, 25),
(358, 'Book358', 11, 25, 25),
(359, 'Book359', 9, 9, 23),
(360, 'Book360', 15, 19, 18),
(361, 'Book361', 17, 3, 20),
(362, 'Book362', 15, 9, 15),
(363, 'Book363', 16, 6, 9),
(364, 'Book364', 24, 3, 17),
(365, 'Book365', 22, 25, 8),
(366, 'Book366', 3, 5, 10),
(367, 'Book367', 8, 11, 7),
(368, 'Book368', 22, 15, 13),
(369, 'Book369', 4, 11, 10),
(370, 'Book370', 4, 17, 12),
(371, 'Book371', 83, 7, 10),
(372, 'Book372', 24, 17, 24),
(373, 'Book373', 20, 19, 8),
(374, 'Book374', 23, 11, 25),
(375, 'Book375', 2, 11, 3),
(376, 'Book376', 19, 17, 7),
(377, 'Book377', 3, 8, 22),
(378, 'Book378', 25, 12, 24),
(379, 'Book379', 4, 22, 6),
(380, 'Book380', 9, 23, 13),
(381, 'Book381', 16, 20, 6),
(382, 'Book382', 13, 22, 2),
(383, 'Book383', 16, 23, 25),
(384, 'Book384', 21, 25, 5),
(385, 'Book385', 5, 11, 24),
(386, 'Book386', 3, 11, 5),
(387, 'Book387', 21, 21, 19),
(388, 'Book388', 3, 18, 8),
(389, 'Book389', 9, 20, 19),
(390, 'Book390', 19, 3, 22),
(391, 'Book391', 22, 2, 11),
(392, 'Book392', 83, 18, 15),
(393, 'Book393', 20, 10, 23),
(394, 'Book394', 3, 23, 2),
(395, 'Book395', 25, 24, 22),
(396, 'Book396', 20, 19, 2),
(397, 'Book397', 9, 13, 21),
(398, 'Book398', 20, 20, 15),
(399, 'Book399', 6, 13, 23),
(400, 'Book400', 19, 25, 17),
(401, 'Book401', 83, 5, 3),
(402, 'Book402', 17, 9, 9),
(403, 'Book403', 18, 22, 3),
(404, 'Book404', 14, 21, 18),
(405, 'Book405', 18, 18, 25),
(406, 'Book406', 18, 6, 17),
(407, 'Book407', 11, 18, 7),
(408, 'Book408', 3, 5, 2),
(409, 'Book409', 12, 17, 19),
(410, 'Book410', 5, 20, 25),
(411, 'Book411', 12, 21, 19),
(412, 'Book412', 3, 25, 5),
(413, 'Book413', 83, 4, 18),
(414, 'Book414', 18, 15, 21),
(415, 'Book415', 4, 17, 22),
(416, 'Book416', 6, 21, 7),
(417, 'Book417', 15, 23, 20),
(418, 'Book418', 3, 25, 4),
(419, 'Book419', 18, 16, 22),
(420, 'Book420', 12, 9, 10),
(421, 'Book421', 23, 5, 20),
(422, 'Book422', 21, 20, 9),
(423, 'Book423', 24, 11, 13),
(424, 'Book424', 6, 8, 6),
(425, 'Book425', 19, 5, 22),
(426, 'Book426', 25, 8, 12),
(427, 'Book427', 22, 7, 18),
(428, 'Book428', 16, 21, 2),
(429, 'Book429', 11, 17, 4),
(430, 'Book430', 17, 10, 21),
(431, 'Book431', 11, 5, 20),
(432, 'Book432', 7, 4, 15),
(433, 'Book433', 20, 9, 5),
(434, 'Book434', 12, 20, 17),
(435, 'Book435', 20, 6, 4),
(436, 'Book436', 5, 19, 10),
(437, 'Book437', 2, 21, 8),
(438, 'Book438', 25, 21, 8),
(439, 'Book439', 24, 19, 17),
(440, 'Book440', 5, 14, 12),
(441, 'Book441', 4, 21, 15),
(442, 'Book442', 4, 17, 19),
(443, 'Book443', 3, 22, 2),
(444, 'Book444', 18, 8, 7),
(445, 'Book445', 25, 16, 15),
(446, 'Book446', 7, 24, 2),
(447, 'Book447', 8, 4, 18),
(448, 'Book448', 18, 24, 24),
(449, 'Book449', 7, 17, 14),
(450, 'Book450', 18, 13, 7),
(451, 'Book451', 24, 12, 20),
(452, 'Book452', 15, 11, 3),
(453, 'Book453', 20, 24, 13),
(454, 'Book454', 9, 23, 21),
(455, 'Book455', 18, 2, 11),
(456, 'Book456', 17, 20, 5),
(457, 'Book457', 6, 5, 12),
(458, 'Book458', 13, 23, 21),
(459, 'Book459', 2, 25, 2),
(460, 'Book460', 20, 7, 14),
(461, 'Book461', 6, 24, 6),
(462, 'Book462', 14, 16, 22),
(463, 'Book463', 13, 11, 3),
(464, 'Book464', 25, 15, 14),
(465, 'Book465', 13, 17, 19),
(466, 'Book466', 8, 25, 6),
(467, 'Book467', 6, 19, 10),
(468, 'Book468', 83, 14, 10),
(469, 'Book469', 25, 17, 23),
(470, 'Book470', 6, 24, 11),
(471, 'Book471', 6, 9, 23),
(472, 'Book472', 5, 3, 4),
(473, 'Book473', 3, 2, 9),
(474, 'Book474', 18, 11, 16),
(475, 'Book475', 16, 3, 10),
(476, 'Book476', 3, 11, 7),
(477, 'Book477', 11, 14, 21),
(478, 'Book478', 22, 16, 9),
(479, 'Book479', 7, 14, 11),
(480, 'Book480', 16, 24, 13),
(481, 'Book481', 19, 18, 19),
(482, 'Book482', 19, 15, 7),
(483, 'Book483', 6, 25, 15),
(484, 'Book484', 4, 9, 11),
(485, 'Book485', 5, 15, 18),
(486, 'Book486', 17, 9, 2),
(487, 'Book487', 15, 3, 14),
(488, 'Book488', 5, 15, 15),
(489, 'Book489', 25, 14, 9),
(490, 'Book490', 22, 11, 12),
(491, 'Book491', 4, 4, 8),
(492, 'Book492', 12, 13, 13),
(493, 'Book493', 15, 6, 12),
(494, 'Book494', 24, 23, 17),
(495, 'Book495', 17, 23, 2),
(496, 'Book496', 2, 24, 6),
(497, 'Book497', 7, 17, 4),
(498, 'Book498', 8, 13, 5),
(499, 'Book499', 4, 22, 24),
(500, 'Book500', 4, 16, 18),
(501, 'Book501', 12, 17, 7),
(502, 'Book502', 83, 20, 16),
(503, 'Book503', 7, 11, 12),
(504, 'Book504', 6, 11, 10),
(505, 'Book505', 12, 18, 16),
(506, 'Book506', 16, 16, 20),
(507, 'Book507', 20, 2, 5),
(508, 'Book508', 2, 17, 14),
(509, 'Book509', 22, 10, 6),
(510, 'Book510', 10, 25, 8),
(511, 'Book511', 23, 19, 8),
(512, 'Book512', 17, 23, 24),
(513, 'Book513', 25, 2, 17),
(514, 'Book514', 13, 2, 14),
(515, 'Book515', 9, 4, 19),
(516, 'Book516', 83, 3, 4),
(517, 'Book517', 12, 25, 12),
(518, 'Book518', 5, 11, 8),
(519, 'Book519', 17, 24, 23),
(520, 'Book520', 5, 24, 3),
(521, 'Book521', 9, 4, 23),
(522, 'Book522', 13, 10, 22),
(523, 'Book523', 23, 14, 14),
(524, 'Book524', 3, 16, 12),
(525, 'Book525', 21, 18, 22),
(526, 'Book526', 4, 9, 7),
(527, 'Book527', 5, 12, 6),
(528, 'Book528', 24, 18, 9),
(529, 'Book529', 13, 13, 13),
(530, 'Book530', 8, 2, 17),
(531, 'Book531', 23, 12, 3),
(532, 'Book532', 10, 4, 17),
(533, 'Book533', 24, 9, 21),
(534, 'Book534', 83, 3, 24),
(535, 'Book535', 10, 7, 3),
(536, 'Book536', 20, 15, 17),
(537, 'Book537', 11, 6, 16),
(538, 'Book538', 10, 4, 20),
(539, 'Book539', 2, 13, 17),
(540, 'Book540', 25, 16, 8),
(541, 'Book541', 83, 19, 7),
(542, 'Book542', 8, 23, 24),
(543, 'Book543', 17, 22, 20),
(544, 'Book544', 2, 23, 7),
(545, 'Book545', 16, 4, 19),
(546, 'Book546', 17, 20, 21),
(547, 'Book547', 9, 13, 21),
(548, 'Book548', 21, 20, 5),
(549, 'Book549', 14, 12, 18),
(550, 'Book550', 18, 18, 25),
(551, 'Book551', 83, 12, 16),
(552, 'Book552', 24, 15, 25),
(553, 'Book553', 6, 16, 6),
(554, 'Book554', 19, 24, 9),
(555, 'Book555', 7, 21, 5);

-- --------------------------------------------------------

--
-- Структура таблицы `location`
--

CREATE TABLE `location` (
  `Location_id` int(10) UNSIGNED NOT NULL,
  `Location` varchar(20) CHARACTER SET utf8mb3 NOT NULL
) ENGINE=InnoDB DEFAULT CHARSET=latin1;

--
-- Дамп данных таблицы `location`
--

INSERT INTO `location` (`Location_id`, `Location`) VALUES
(1, 'place1'),
(2, 'place2'),
(3, 'place3'),
(4, 'place4'),
(5, 'place5'),
(6, 'place6'),
(7, 'place7'),
(8, 'place8'),
(9, 'place9'),
(10, 'place10'),
(11, 'place11'),
(12, 'place12'),
(13, 'place13'),
(14, 'place14'),
(15, 'place15'),
(16, 'place16'),
(17, 'place17'),
(18, 'place18'),
(19, 'place19'),
(20, 'place20'),
(21, 'place21'),
(22, 'place22'),
(23, 'place23'),
(24, 'place24'),
(25, 'place25');

-- --------------------------------------------------------

--
-- Структура таблицы `reader`
--

CREATE TABLE `reader` (
  `User_id` int(10) UNSIGNED NOT NULL,
  `Name` varchar(20) CHARACTER SET utf8mb3 NOT NULL,
  `Surname` varchar(20) CHARACTER SET utf8mb3 NOT NULL,
  `Age` int(10) NOT NULL,
  `Location_id` int(10) UNSIGNED DEFAULT NULL
) ENGINE=InnoDB DEFAULT CHARSET=latin1;

--
-- Дамп данных таблицы `reader`
--

INSERT INTO `reader` (`User_id`, `Name`, `Surname`, `Age`, `Location_id`) VALUES
(1, 'Пётр1', 'Нилов1', 83, 4),
(2, 'Пётр2', 'Нилов2', 70, 5),
(3, 'Пётр3', 'Нилов3', 22, 9),
(4, 'Пётр4', 'Нилов4', 54, 4),
(5, 'Пётр5', 'Нилов5', 60, 4),
(6, 'Пётр6', 'Нилов6', 62, 20),
(7, 'Пётр7', 'Нилов7', 22, 18),
(8, 'Пётр8', 'Нилов8', 61, 10),
(9, 'Пётр9', 'Нилов9', 42, 21),
(10, 'Пётр10', 'Нилов10', 19, 15),
(11, 'Пётр11', 'Нилов11', 75, 22),
(12, 'Пётр12', 'Нилов12', 29, 5),
(13, 'Пётр13', 'Нилов13', 42, 13),
(14, 'Пётр14', 'Нилов14', 34, 18),
(15, 'Пётр15', 'Нилов15', 72, 19),
(16, 'Пётр16', 'Нилов16', 44, 15),
(17, 'Пётр17', 'Нилов17', 59, 22),
(18, 'Пётр18', 'Нилов18', 53, 3),
(19, 'Пётр19', 'Нилов19', 42, 18),
(20, 'Пётр20', 'Нилов20', 79, 17),
(21, 'Пётр21', 'Нилов21', 18, 16),
(22, 'Пётр22', 'Нилов22', 52, 23),
(23, 'Пётр23', 'Нилов23', 70, 20),
(24, 'Пётр24', 'Нилов24', 35, 23),
(25, 'Пётр25', 'Нилов25', 31, 10),
(26, 'Пётр26', 'Нилов26', 56, 25),
(27, 'Пётр27', 'Нилов27', 69, 19),
(28, 'Пётр28', 'Нилов28', 66, 9),
(29, 'Пётр29', 'Нилов29', 74, 20),
(30, 'Пётр30', 'Нилов30', 16, 13),
(31, 'Пётр31', 'Нилов31', 27, 18),
(32, 'Пётр32', 'Нилов32', 82, 10),
(33, 'Пётр33', 'Нилов33', 70, 13),
(34, 'Пётр34', 'Нилов34', 87, 11),
(35, 'Пётр35', 'Нилов35', 63, 6),
(36, 'Пётр36', 'Нилов36', 53, 12),
(37, 'Пётр37', 'Нилов37', 64, 4),
(38, 'Пётр38', 'Нилов38', 15, 14),
(39, 'Пётр39', 'Нилов39', 41, 3),
(40, 'Пётр40', 'Нилов40', 60, 21),
(41, 'Пётр41', 'Нилов41', 74, 3),
(42, 'Пётр42', 'Нилов42', 50, 12),
(43, 'Пётр43', 'Нилов43', 62, 9),
(44, 'Пётр44', 'Нилов44', 33, 24),
(45, 'Пётр45', 'Нилов45', 52, 18),
(46, 'Пётр46', 'Нилов46', 53, 18),
(47, 'Пётр47', 'Нилов47', 73, 22),
(48, 'Пётр48', 'Нилов48', 67, 3),
(49, 'Пётр49', 'Нилов49', 56, 7),
(50, 'Пётр50', 'Нилов50', 47, 3),
(51, 'Пётр51', 'Нилов51', 15, 18),
(52, 'Пётр52', 'Нилов52', 84, 21),
(53, 'Пётр53', 'Нилов53', 30, 15),
(54, 'Пётр54', 'Нилов54', 68, 13),
(55, 'Пётр55', 'Нилов55', 42, 17),
(56, 'Пётр56', 'Нилов56', 43, 10),
(57, 'Пётр57', 'Нилов57', 53, 19),
(58, 'Пётр58', 'Нилов58', 60, 16),
(59, 'Пётр59', 'Нилов59', 90, 9),
(60, 'Пётр60', 'Нилов60', 83, 7),
(61, 'Пётр61', 'Нилов61', 82, 18),
(62, 'Пётр62', 'Нилов62', 71, 25),
(63, 'Пётр63', 'Нилов63', 28, 13),
(64, 'Пётр64', 'Нилов64', 88, 11),
(65, 'Пётр65', 'Нилов65', 20, 25),
(66, 'Пётр66', 'Нилов66', 88, 21),
(67, 'Пётр67', 'Нилов67', 57, 8),
(68, 'Пётр68', 'Нилов68', 61, 23),
(69, 'Пётр69', 'Нилов69', 58, 22),
(70, 'Пётр70', 'Нилов70', 32, 15),
(71, 'Пётр71', 'Нилов71', 58, 25),
(72, 'Пётр72', 'Нилов72', 64, 21),
(73, 'Пётр73', 'Нилов73', 83, 11),
(74, 'Пётр74', 'Нилов74', 78, 6),
(75, 'Пётр75', 'Нилов75', 34, 12),
(76, 'Пётр76', 'Нилов76', 52, 22),
(77, 'Пётр77', 'Нилов77', 68, 20),
(78, 'Пётр78', 'Нилов78', 51, 9),
(79, 'Пётр79', 'Нилов79', 29, 20),
(80, 'Пётр80', 'Нилов80', 59, 6),
(81, 'Пётр81', 'Нилов81', 81, 22),
(82, 'Пётр82', 'Нилов82', 38, 4),
(83, 'Пётр83', 'Нилов83', 30, 4),
(84, 'Пётр84', 'Нилов84', 45, 23),
(85, 'Пётр85', 'Нилов85', 41, 16),
(86, 'Пётр86', 'Нилов86', 42, 6),
(87, 'Пётр87', 'Нилов87', 55, 5),
(88, 'Пётр88', 'Нилов88', 49, 6),
(89, 'Пётр89', 'Нилов89', 45, 11),
(90, 'Пётр90', 'Нилов90', 76, 21),
(91, 'Пётр91', 'Нилов91', 88, 25),
(92, 'Пётр92', 'Нилов92', 81, 19),
(93, 'Пётр93', 'Нилов93', 27, 10),
(94, 'Пётр94', 'Нилов94', 77, 18),
(95, 'Пётр95', 'Нилов95', 41, 2),
(96, 'Пётр96', 'Нилов96', 83, 18),
(97, 'Пётр97', 'Нилов97', 55, 18),
(98, 'Пётр98', 'Нилов98', 39, 11),
(99, 'Пётр99', 'Нилов99', 34, 18),
(100, 'Пётр100', 'Нилов100', 32, 3),
(101, 'Пётр101', 'Нилов101', 50, 5),
(102, 'Пётр102', 'Нилов102', 89, 5),
(103, 'Пётр103', 'Нилов103', 60, 11),
(104, 'Пётр104', 'Нилов104', 35, 22),
(105, 'Пётр105', 'Нилов105', 90, 18),
(106, 'Пётр106', 'Нилов106', 16, 7),
(107, 'Пётр107', 'Нилов107', 58, 19),
(108, 'Пётр108', 'Нилов108', 76, 25),
(109, 'Пётр109', 'Нилов109', 83, 15),
(110, 'Пётр110', 'Нилов110', 66, 4),
(111, 'Пётр111', 'Нилов111', 28, 10),
(112, 'Пётр112', 'Нилов112', 67, 20),
(113, 'Пётр113', 'Нилов113', 35, 7),
(114, 'Пётр114', 'Нилов114', 22, 22),
(115, 'Пётр115', 'Нилов115', 82, 17),
(116, 'Пётр116', 'Нилов116', 40, 6),
(117, 'Пётр117', 'Нилов117', 15, 14),
(118, 'Пётр118', 'Нилов118', 75, 21),
(119, 'Пётр119', 'Нилов119', 79, 22),
(120, 'Пётр120', 'Нилов120', 90, 3),
(121, 'Пётр121', 'Нилов121', 84, 4),
(122, 'Пётр122', 'Нилов122', 42, 9),
(123, 'Пётр123', 'Нилов123', 53, 2),
(124, 'Пётр124', 'Нилов124', 87, 8),
(125, 'Пётр125', 'Нилов125', 83, 3),
(126, 'Пётр126', 'Нилов126', 16, 5),
(127, 'Пётр127', 'Нилов127', 17, 21),
(128, 'Пётр128', 'Нилов128', 38, 17),
(129, 'Пётр129', 'Нилов129', 46, 17),
(130, 'Пётр130', 'Нилов130', 62, 9),
(131, 'Пётр131', 'Нилов131', 60, 12),
(132, 'Пётр132', 'Нилов132', 90, 24),
(133, 'Пётр133', 'Нилов133', 47, 3),
(134, 'Пётр134', 'Нилов134', 41, 4),
(135, 'Пётр135', 'Нилов135', 54, 24),
(136, 'Пётр136', 'Нилов136', 27, 12),
(137, 'Пётр137', 'Нилов137', 56, 16),
(138, 'Пётр138', 'Нилов138', 22, 6),
(139, 'Пётр139', 'Нилов139', 43, 20),
(140, 'Пётр140', 'Нилов140', 41, 16),
(141, 'Пётр141', 'Нилов141', 17, 23),
(142, 'Пётр142', 'Нилов142', 66, 22),
(143, 'Пётр143', 'Нилов143', 38, 17),
(144, 'Пётр144', 'Нилов144', 72, 2),
(145, 'Пётр145', 'Нилов145', 34, 23),
(146, 'Пётр146', 'Нилов146', 81, 11),
(147, 'Пётр147', 'Нилов147', 77, 4),
(148, 'Пётр148', 'Нилов148', 54, 4),
(149, 'Пётр149', 'Нилов149', 31, 20),
(150, 'Пётр150', 'Нилов150', 23, 5),
(151, 'Пётр151', 'Нилов151', 40, 21),
(152, 'Пётр152', 'Нилов152', 59, 13),
(153, 'Пётр153', 'Нилов153', 42, 15),
(154, 'Пётр154', 'Нилов154', 72, 16),
(155, 'Пётр155', 'Нилов155', 23, 10),
(156, 'Пётр156', 'Нилов156', 68, 14),
(157, 'Пётр157', 'Нилов157', 24, 17),
(158, 'Пётр158', 'Нилов158', 83, 22),
(159, 'Пётр159', 'Нилов159', 34, 14),
(160, 'Пётр160', 'Нилов160', 44, 17),
(161, 'Пётр161', 'Нилов161', 83, 11),
(162, 'Пётр162', 'Нилов162', 49, 2),
(163, 'Пётр163', 'Нилов163', 70, 22),
(164, 'Пётр164', 'Нилов164', 86, 14),
(165, 'Пётр165', 'Нилов165', 40, 3),
(166, 'Пётр166', 'Нилов166', 66, 6),
(167, 'Пётр167', 'Нилов167', 42, 15),
(168, 'Пётр168', 'Нилов168', 18, 21),
(169, 'Пётр169', 'Нилов169', 42, 5),
(170, 'Пётр170', 'Нилов170', 33, 10),
(171, 'Пётр171', 'Нилов171', 84, 4),
(172, 'Пётр172', 'Нилов172', 17, 10),
(173, 'Пётр173', 'Нилов173', 68, 13),
(174, 'Пётр174', 'Нилов174', 51, 7),
(175, 'Пётр175', 'Нилов175', 72, 23),
(176, 'Пётр176', 'Нилов176', 77, 2),
(177, 'Пётр177', 'Нилов177', 46, 8),
(178, 'Пётр178', 'Нилов178', 83, 12),
(179, 'Пётр179', 'Нилов179', 39, 7),
(180, 'Пётр180', 'Нилов180', 28, 17),
(181, 'Пётр181', 'Нилов181', 57, 15),
(182, 'Пётр182', 'Нилов182', 28, 19),
(183, 'Пётр183', 'Нилов183', 86, 22),
(184, 'Пётр184', 'Нилов184', 85, 8),
(185, 'Пётр185', 'Нилов185', 35, 6),
(186, 'Пётр186', 'Нилов186', 82, 18),
(187, 'Пётр187', 'Нилов187', 23, 23),
(188, 'Пётр188', 'Нилов188', 57, 18),
(189, 'Пётр189', 'Нилов189', 55, 25),
(190, 'Пётр190', 'Нилов190', 65, 3),
(191, 'Пётр191', 'Нилов191', 74, 13),
(192, 'Пётр192', 'Нилов192', 17, 20),
(193, 'Пётр193', 'Нилов193', 34, 15),
(194, 'Пётр194', 'Нилов194', 58, 19),
(195, 'Пётр195', 'Нилов195', 74, 20),
(196, 'Пётр196', 'Нилов196', 82, 15),
(197, 'Пётр197', 'Нилов197', 26, 23),
(198, 'Пётр198', 'Нилов198', 78, 12),
(199, 'Пётр199', 'Нилов199', 50, 21),
(200, 'Пётр200', 'Нилов200', 29, 6),
(201, 'Пётр201', 'Нилов201', 30, 11),
(202, 'Пётр202', 'Нилов202', 81, 15),
(203, 'Пётр203', 'Нилов203', 90, 22),
(204, 'Пётр204', 'Нилов204', 81, 10),
(205, 'Пётр205', 'Нилов205', 76, 14),
(206, 'Пётр206', 'Нилов206', 71, 4),
(207, 'Пётр207', 'Нилов207', 52, 21),
(208, 'Пётр208', 'Нилов208', 80, 12),
(209, 'Пётр209', 'Нилов209', 20, 8),
(210, 'Пётр210', 'Нилов210', 76, 20),
(211, 'Пётр211', 'Нилов211', 74, 22),
(212, 'Пётр212', 'Нилов212', 24, 20),
(213, 'Пётр213', 'Нилов213', 43, 10),
(214, 'Пётр214', 'Нилов214', 17, 14),
(215, 'Пётр215', 'Нилов215', 36, 6),
(216, 'Пётр216', 'Нилов216', 28, 23),
(217, 'Пётр217', 'Нилов217', 61, 8),
(218, 'Пётр218', 'Нилов218', 63, 13),
(219, 'Пётр219', 'Нилов219', 42, 16),
(220, 'Пётр220', 'Нилов220', 89, 9),
(221, 'Пётр221', 'Нилов221', 42, 13),
(222, 'Пётр222', 'Нилов222', 22, 25),
(223, 'Пётр223', 'Нилов223', 69, 20),
(224, 'Пётр224', 'Нилов224', 65, 21),
(225, 'Пётр225', 'Нилов225', 84, 23),
(226, 'Пётр226', 'Нилов226', 23, 15),
(227, 'Пётр227', 'Нилов227', 65, 18),
(228, 'Пётр228', 'Нилов228', 24, 5),
(229, 'Пётр229', 'Нилов229', 24, 13),
(230, 'Пётр230', 'Нилов230', 74, 20),
(231, 'Пётр231', 'Нилов231', 46, 12),
(232, 'Пётр232', 'Нилов232', 69, 18),
(233, 'Пётр233', 'Нилов233', 37, 17),
(234, 'Пётр234', 'Нилов234', 24, 15),
(235, 'Пётр235', 'Нилов235', 46, 9),
(236, 'Пётр236', 'Нилов236', 42, 8),
(237, 'Пётр237', 'Нилов237', 74, 22),
(238, 'Пётр238', 'Нилов238', 29, 8),
(239, 'Пётр239', 'Нилов239', 71, 5),
(240, 'Пётр240', 'Нилов240', 71, 7),
(241, 'Пётр241', 'Нилов241', 20, 21),
(242, 'Пётр242', 'Нилов242', 61, 14),
(243, 'Пётр243', 'Нилов243', 88, 21),
(244, 'Пётр244', 'Нилов244', 27, 17),
(245, 'Пётр245', 'Нилов245', 22, 22),
(246, 'Пётр246', 'Нилов246', 76, 16),
(247, 'Пётр247', 'Нилов247', 61, 8),
(248, 'Пётр248', 'Нилов248', 82, 25),
(249, 'Пётр249', 'Нилов249', 77, 4),
(250, 'Пётр250', 'Нилов250', 43, 15),
(251, 'Пётр251', 'Нилов251', 84, 12),
(252, 'Пётр252', 'Нилов252', 26, 7),
(253, 'Пётр253', 'Нилов253', 47, 9),
(254, 'Пётр254', 'Нилов254', 28, 8),
(255, 'Пётр255', 'Нилов255', 87, 7),
(256, 'Пётр256', 'Нилов256', 68, 23),
(257, 'Пётр257', 'Нилов257', 75, 14),
(258, 'Пётр258', 'Нилов258', 21, 3),
(259, 'Пётр259', 'Нилов259', 78, 11),
(260, 'Пётр260', 'Нилов260', 49, 13),
(261, 'Пётр261', 'Нилов261', 83, 6),
(262, 'Пётр262', 'Нилов262', 64, 13),
(263, 'Пётр263', 'Нилов263', 52, 13),
(264, 'Пётр264', 'Нилов264', 16, 11),
(265, 'Пётр265', 'Нилов265', 34, 13),
(266, 'Пётр266', 'Нилов266', 30, 10),
(267, 'Пётр267', 'Нилов267', 33, 10),
(268, 'Пётр268', 'Нилов268', 34, 18),
(269, 'Пётр269', 'Нилов269', 71, 16),
(270, 'Пётр270', 'Нилов270', 88, 20),
(271, 'Пётр271', 'Нилов271', 69, 2),
(272, 'Пётр272', 'Нилов272', 62, 17),
(273, 'Пётр273', 'Нилов273', 61, 11),
(274, 'Пётр274', 'Нилов274', 22, 25),
(275, 'Пётр275', 'Нилов275', 73, 4),
(276, 'Пётр276', 'Нилов276', 46, 14),
(277, 'Пётр277', 'Нилов277', 69, 14),
(278, 'Пётр278', 'Нилов278', 52, 6),
(279, 'Пётр279', 'Нилов279', 47, 10),
(280, 'Пётр280', 'Нилов280', 41, 4),
(281, 'Пётр281', 'Нилов281', 45, 7),
(282, 'Пётр282', 'Нилов282', 52, 12),
(283, 'Пётр283', 'Нилов283', 59, 7),
(284, 'Пётр284', 'Нилов284', 76, 21),
(285, 'Пётр285', 'Нилов285', 72, 6),
(286, 'Пётр286', 'Нилов286', 46, 5),
(287, 'Пётр287', 'Нилов287', 79, 20),
(288, 'Пётр288', 'Нилов288', 29, 24),
(289, 'Пётр289', 'Нилов289', 52, 20),
(290, 'Пётр290', 'Нилов290', 67, 14),
(291, 'Пётр291', 'Нилов291', 24, 17),
(292, 'Пётр292', 'Нилов292', 24, 6),
(293, 'Пётр293', 'Нилов293', 60, 10),
(294, 'Пётр294', 'Нилов294', 20, 4),
(295, 'Пётр295', 'Нилов295', 86, 12),
(296, 'Пётр296', 'Нилов296', 75, 7),
(297, 'Пётр297', 'Нилов297', 17, 2),
(298, 'Пётр298', 'Нилов298', 77, 2),
(299, 'Пётр299', 'Нилов299', 54, 16),
(300, 'Пётр300', 'Нилов300', 19, 14),
(301, 'Пётр301', 'Нилов301', 65, 7),
(302, 'Пётр302', 'Нилов302', 61, 10),
(303, 'Пётр303', 'Нилов303', 56, 17),
(304, 'Пётр304', 'Нилов304', 86, 14),
(305, 'Пётр305', 'Нилов305', 59, 21),
(306, 'Пётр306', 'Нилов306', 71, 9),
(307, 'Пётр307', 'Нилов307', 86, 12),
(308, 'Пётр308', 'Нилов308', 32, 18),
(309, 'Пётр309', 'Нилов309', 80, 15),
(310, 'Пётр310', 'Нилов310', 67, 7),
(311, 'Пётр311', 'Нилов311', 64, 18),
(312, 'Пётр312', 'Нилов312', 75, 4),
(313, 'Пётр313', 'Нилов313', 39, 20),
(314, 'Пётр314', 'Нилов314', 74, 3),
(315, 'Пётр315', 'Нилов315', 39, 21),
(316, 'Пётр316', 'Нилов316', 30, 15),
(317, 'Пётр317', 'Нилов317', 83, 17),
(318, 'Пётр318', 'Нилов318', 16, 19),
(319, 'Пётр319', 'Нилов319', 57, 19),
(320, 'Пётр320', 'Нилов320', 86, 5),
(321, 'Пётр321', 'Нилов321', 42, 11),
(322, 'Пётр322', 'Нилов322', 63, 18),
(323, 'Пётр323', 'Нилов323', 33, 7),
(324, 'Пётр324', 'Нилов324', 55, 19),
(325, 'Пётр325', 'Нилов325', 32, 22),
(326, 'Пётр326', 'Нилов326', 72, 20),
(327, 'Пётр327', 'Нилов327', 41, 9),
(328, 'Пётр328', 'Нилов328', 20, 9),
(329, 'Пётр329', 'Нилов329', 54, 16),
(330, 'Пётр330', 'Нилов330', 66, 14),
(331, 'Пётр331', 'Нилов331', 82, 21),
(332, 'Пётр332', 'Нилов332', 59, 4),
(333, 'Пётр333', 'Нилов333', 20, 22),
(334, 'Пётр334', 'Нилов334', 41, 16),
(335, 'Пётр335', 'Нилов335', 46, 9),
(336, 'Пётр336', 'Нилов336', 64, 25),
(337, 'Пётр337', 'Нилов337', 54, 6),
(338, 'Пётр338', 'Нилов338', 54, 24),
(339, 'Пётр339', 'Нилов339', 76, 5),
(340, 'Пётр340', 'Нилов340', 52, 14),
(341, 'Пётр341', 'Нилов341', 88, 16),
(342, 'Пётр342', 'Нилов342', 36, 8),
(343, 'Пётр343', 'Нилов343', 24, 20),
(344, 'Пётр344', 'Нилов344', 53, 10),
(345, 'Пётр345', 'Нилов345', 67, 18),
(346, 'Пётр346', 'Нилов346', 78, 5),
(347, 'Пётр347', 'Нилов347', 88, 16),
(348, 'Пётр348', 'Нилов348', 67, 2),
(349, 'Пётр349', 'Нилов349', 63, 22),
(350, 'Пётр350', 'Нилов350', 71, 14),
(351, 'Пётр351', 'Нилов351', 72, 21),
(352, 'Пётр352', 'Нилов352', 82, 22),
(353, 'Пётр353', 'Нилов353', 24, 22),
(354, 'Пётр354', 'Нилов354', 71, 20),
(355, 'Пётр355', 'Нилов355', 19, 20),
(356, 'Пётр356', 'Нилов356', 70, 13),
(357, 'Пётр357', 'Нилов357', 55, 5),
(358, 'Пётр358', 'Нилов358', 57, 19),
(359, 'Пётр359', 'Нилов359', 55, 8),
(360, 'Пётр360', 'Нилов360', 24, 17),
(361, 'Пётр361', 'Нилов361', 83, 8),
(362, 'Пётр362', 'Нилов362', 17, 4),
(363, 'Пётр363', 'Нилов363', 33, 6),
(364, 'Пётр364', 'Нилов364', 79, 10),
(365, 'Пётр365', 'Нилов365', 32, 21),
(366, 'Пётр366', 'Нилов366', 66, 8),
(367, 'Пётр367', 'Нилов367', 17, 16),
(368, 'Пётр368', 'Нилов368', 75, 20),
(369, 'Пётр369', 'Нилов369', 59, 4),
(370, 'Пётр370', 'Нилов370', 37, 11),
(371, 'Пётр371', 'Нилов371', 43, 9),
(372, 'Пётр372', 'Нилов372', 27, 14),
(373, 'Пётр373', 'Нилов373', 21, 22),
(374, 'Пётр374', 'Нилов374', 59, 2),
(375, 'Пётр375', 'Нилов375', 65, 19),
(376, 'Пётр376', 'Нилов376', 40, 18),
(377, 'Пётр377', 'Нилов377', 79, 8),
(378, 'Пётр378', 'Нилов378', 28, 4),
(379, 'Пётр379', 'Нилов379', 41, 17),
(380, 'Пётр380', 'Нилов380', 88, 6),
(381, 'Пётр381', 'Нилов381', 50, 2),
(382, 'Пётр382', 'Нилов382', 45, 5),
(383, 'Пётр383', 'Нилов383', 78, 4),
(384, 'Пётр384', 'Нилов384', 73, 22),
(385, 'Пётр385', 'Нилов385', 79, 16),
(386, 'Пётр386', 'Нилов386', 70, 13),
(387, 'Пётр387', 'Нилов387', 23, 4),
(388, 'Пётр388', 'Нилов388', 20, 15),
(389, 'Пётр389', 'Нилов389', 74, 24),
(390, 'Пётр390', 'Нилов390', 25, 17),
(391, 'Пётр391', 'Нилов391', 30, 5),
(392, 'Пётр392', 'Нилов392', 68, 9),
(393, 'Пётр393', 'Нилов393', 80, 13),
(394, 'Пётр394', 'Нилов394', 86, 21),
(395, 'Пётр395', 'Нилов395', 21, 12),
(396, 'Пётр396', 'Нилов396', 27, 18),
(397, 'Пётр397', 'Нилов397', 48, 11),
(398, 'Пётр398', 'Нилов398', 39, 16),
(399, 'Пётр399', 'Нилов399', 41, 8),
(400, 'Пётр400', 'Нилов400', 42, 17),
(401, 'Пётр401', 'Нилов401', 69, 22),
(402, 'Пётр402', 'Нилов402', 31, 16),
(403, 'Пётр403', 'Нилов403', 33, 15),
(404, 'Пётр404', 'Нилов404', 31, 7),
(405, 'Пётр405', 'Нилов405', 39, 8),
(406, 'Пётр406', 'Нилов406', 87, 9),
(407, 'Пётр407', 'Нилов407', 72, 14),
(408, 'Пётр408', 'Нилов408', 89, 8),
(409, 'Пётр409', 'Нилов409', 34, 15),
(410, 'Пётр410', 'Нилов410', 73, 16),
(411, 'Пётр411', 'Нилов411', 66, 23),
(412, 'Пётр412', 'Нилов412', 89, 2),
(413, 'Пётр413', 'Нилов413', 68, 8),
(414, 'Пётр414', 'Нилов414', 51, 23),
(415, 'Пётр415', 'Нилов415', 69, 18),
(416, 'Пётр416', 'Нилов416', 72, 19),
(417, 'Пётр417', 'Нилов417', 54, 9),
(418, 'Пётр418', 'Нилов418', 34, 16),
(419, 'Пётр419', 'Нилов419', 85, 20),
(420, 'Пётр420', 'Нилов420', 28, 7),
(421, 'Пётр421', 'Нилов421', 40, 18),
(422, 'Пётр422', 'Нилов422', 79, 13),
(423, 'Пётр423', 'Нилов423', 48, 8),
(424, 'Пётр424', 'Нилов424', 18, 18),
(425, 'Пётр425', 'Нилов425', 75, 16),
(426, 'Пётр426', 'Нилов426', 28, 14),
(427, 'Пётр427', 'Нилов427', 26, 20),
(428, 'Пётр428', 'Нилов428', 84, 15),
(429, 'Пётр429', 'Нилов429', 51, 18),
(430, 'Пётр430', 'Нилов430', 46, 10),
(431, 'Пётр431', 'Нилов431', 26, 7),
(432, 'Пётр432', 'Нилов432', 60, 2),
(433, 'Пётр433', 'Нилов433', 75, 21),
(434, 'Пётр434', 'Нилов434', 36, 10),
(435, 'Пётр435', 'Нилов435', 34, 6),
(436, 'Пётр436', 'Нилов436', 19, 15),
(437, 'Пётр437', 'Нилов437', 30, 8),
(438, 'Пётр438', 'Нилов438', 20, 5),
(439, 'Пётр439', 'Нилов439', 46, 7),
(440, 'Пётр440', 'Нилов440', 86, 10),
(441, 'Пётр441', 'Нилов441', 21, 19),
(442, 'Пётр442', 'Нилов442', 33, 16),
(443, 'Пётр443', 'Нилов443', 83, 21),
(444, 'Пётр444', 'Нилов444', 50, 16),
(445, 'Пётр445', 'Нилов445', 65, 6),
(446, 'Пётр446', 'Нилов446', 69, 25),
(447, 'Пётр447', 'Нилов447', 52, 7),
(448, 'Пётр448', 'Нилов448', 68, 24),
(449, 'Пётр449', 'Нилов449', 65, 4),
(450, 'Пётр450', 'Нилов450', 24, 20),
(451, 'Пётр451', 'Нилов451', 30, 5),
(452, 'Пётр452', 'Нилов452', 27, 23),
(453, 'Пётр453', 'Нилов453', 78, 3),
(454, 'Пётр454', 'Нилов454', 15, 20),
(455, 'Пётр455', 'Нилов455', 42, 19),
(456, 'Пётр456', 'Нилов456', 67, 3),
(457, 'Пётр457', 'Нилов457', 68, 14),
(458, 'Пётр458', 'Нилов458', 43, 5),
(459, 'Пётр459', 'Нилов459', 59, 21),
(460, 'Пётр460', 'Нилов460', 68, 3),
(461, 'Пётр461', 'Нилов461', 77, 8),
(462, 'Пётр462', 'Нилов462', 51, 4),
(463, 'Пётр463', 'Нилов463', 20, 18),
(464, 'Пётр464', 'Нилов464', 22, 2),
(465, 'Пётр465', 'Нилов465', 72, 9),
(466, 'Пётр466', 'Нилов466', 23, 9),
(467, 'Пётр467', 'Нилов467', 62, 17),
(468, 'Пётр468', 'Нилов468', 90, 14),
(469, 'Пётр469', 'Нилов469', 36, 9),
(470, 'Пётр470', 'Нилов470', 41, 6),
(471, 'Пётр471', 'Нилов471', 75, 9),
(472, 'Пётр472', 'Нилов472', 83, 19),
(473, 'Пётр473', 'Нилов473', 28, 6),
(474, 'Пётр474', 'Нилов474', 35, 23),
(475, 'Пётр475', 'Нилов475', 80, 12),
(476, 'Пётр476', 'Нилов476', 68, 20),
(477, 'Пётр477', 'Нилов477', 35, 20),
(478, 'Пётр478', 'Нилов478', 67, 22),
(479, 'Пётр479', 'Нилов479', 44, 25),
(480, 'Пётр480', 'Нилов480', 87, 4),
(481, 'Пётр481', 'Нилов481', 82, 10),
(482, 'Пётр482', 'Нилов482', 59, 6),
(483, 'Пётр483', 'Нилов483', 82, 13),
(484, 'Пётр484', 'Нилов484', 25, 17),
(485, 'Пётр485', 'Нилов485', 24, 21),
(486, 'Пётр486', 'Нилов486', 51, 2),
(487, 'Пётр487', 'Нилов487', 82, 25),
(488, 'Пётр488', 'Нилов488', 36, 24),
(489, 'Пётр489', 'Нилов489', 71, 14),
(490, 'Пётр490', 'Нилов490', 77, 13),
(491, 'Пётр491', 'Нилов491', 73, 5),
(492, 'Пётр492', 'Нилов492', 37, 10),
(493, 'Пётр493', 'Нилов493', 48, 18),
(494, 'Пётр494', 'Нилов494', 81, 10),
(495, 'Пётр495', 'Нилов495', 39, 20),
(496, 'Пётр496', 'Нилов496', 27, 11),
(497, 'Пётр497', 'Нилов497', 26, 16),
(498, 'Пётр498', 'Нилов498', 20, 23),
(499, 'Пётр499', 'Нилов499', 65, 9),
(500, 'Пётр500', 'Нилов500', 30, 6),
(501, 'Пётр501', 'Нилов501', 86, 7),
(502, 'Пётр502', 'Нилов502', 61, 12),
(503, 'Пётр503', 'Нилов503', 83, 3),
(504, 'Пётр504', 'Нилов504', 73, 20),
(505, 'Пётр505', 'Нилов505', 82, 10),
(506, 'Пётр506', 'Нилов506', 76, 23),
(507, 'Пётр507', 'Нилов507', 70, 3),
(508, 'Пётр508', 'Нилов508', 51, 21),
(509, 'Пётр509', 'Нилов509', 51, 3),
(510, 'Пётр510', 'Нилов510', 16, 5),
(511, 'Пётр511', 'Нилов511', 28, 22),
(512, 'Пётр512', 'Нилов512', 65, 5),
(513, 'Пётр513', 'Нилов513', 21, 4),
(514, 'Пётр514', 'Нилов514', 21, 12),
(515, 'Пётр515', 'Нилов515', 21, 4),
(516, 'Пётр516', 'Нилов516', 35, 20),
(517, 'Пётр517', 'Нилов517', 26, 6),
(518, 'Пётр518', 'Нилов518', 19, 13),
(519, 'Пётр519', 'Нилов519', 66, 15),
(520, 'Пётр520', 'Нилов520', 19, 7),
(521, 'Пётр521', 'Нилов521', 39, 18),
(522, 'Пётр522', 'Нилов522', 78, 8),
(523, 'Пётр523', 'Нилов523', 89, 8),
(524, 'Пётр524', 'Нилов524', 32, 4),
(525, 'Пётр525', 'Нилов525', 50, 7),
(526, 'Пётр526', 'Нилов526', 90, 6),
(527, 'Пётр527', 'Нилов527', 32, 12),
(528, 'Пётр528', 'Нилов528', 63, 10),
(529, 'Пётр529', 'Нилов529', 25, 6),
(530, 'Пётр530', 'Нилов530', 63, 16),
(531, 'Пётр531', 'Нилов531', 26, 7),
(532, 'Пётр532', 'Нилов532', 64, 18),
(533, 'Пётр533', 'Нилов533', 40, 11),
(534, 'Пётр534', 'Нилов534', 60, 5),
(535, 'Пётр535', 'Нилов535', 88, 6),
(536, 'Пётр536', 'Нилов536', 42, 22),
(537, 'Пётр537', 'Нилов537', 64, 3),
(538, 'Пётр538', 'Нилов538', 47, 6),
(539, 'Пётр539', 'Нилов539', 58, 4),
(540, 'Пётр540', 'Нилов540', 23, 15),
(541, 'Пётр541', 'Нилов541', 68, 13),
(542, 'Пётр542', 'Нилов542', 69, 22),
(543, 'Пётр543', 'Нилов543', 63, 14),
(544, 'Пётр544', 'Нилов544', 24, 20),
(545, 'Пётр545', 'Нилов545', 18, 3),
(546, 'Пётр546', 'Нилов546', 22, 23),
(547, 'Пётр547', 'Нилов547', 80, 10),
(548, 'Пётр548', 'Нилов548', 57, 21),
(549, 'Пётр549', 'Нилов549', 53, 20),
(550, 'Пётр550', 'Нилов550', 21, 16),
(551, 'Пётр551', 'Нилов551', 54, 12),
(552, 'Пётр552', 'Нилов552', 41, 8),
(553, 'Пётр553', 'Нилов553', 88, 22),
(554, 'Пётр554', 'Нилов554', 20, 17),
(555, 'Пётр555', 'Нилов555', 19, 7);

-- --------------------------------------------------------

--
-- Структура таблицы `recency`
--

CREATE TABLE `recency` (
  `Recency_id` int(100) UNSIGNED NOT NULL,
  `time` varchar(1000) CHARACTER SET utf8mb3 NOT NULL
) ENGINE=InnoDB DEFAULT CHARSET=latin1;

--
-- Дамп данных таблицы `recency`
--

INSERT INTO `recency` (`Recency_id`, `time`) VALUES
(1, 'year1'),
(2, 'year2'),
(3, 'year3'),
(4, 'year4'),
(5, 'year5'),
(6, 'year6'),
(7, 'year7'),
(8, 'year8'),
(9, 'year9'),
(10, 'year10'),
(11, 'year11'),
(12, 'year12'),
(13, 'year13'),
(14, 'year14'),
(15, 'year15'),
(16, 'year16'),
(17, 'year17'),
(18, 'year18'),
(19, 'year19'),
(20, 'year20'),
(21, 'year21'),
(22, 'year22'),
(23, 'year23'),
(24, 'year24'),
(25, 'year25');

-- --------------------------------------------------------

--
-- Структура таблицы `style`
--

CREATE TABLE `style` (
  `Style_id` int(10) UNSIGNED NOT NULL,
  `Style` varchar(1000) CHARACTER SET utf8mb3 NOT NULL
) ENGINE=InnoDB DEFAULT CHARSET=latin1;

--
-- Дамп данных таблицы `style`
--

INSERT INTO `style` (`Style_id`, `Style`) VALUES
(1, 'style1'),
(2, 'style2'),
(3, 'style3'),
(4, 'style4'),
(5, 'style5'),
(6, 'style6'),
(7, 'style7'),
(8, 'style8'),
(9, 'style9'),
(10, 'style10'),
(11, 'style11'),
(12, 'style12'),
(13, 'style13'),
(14, 'style14'),
(15, 'style15'),
(16, 'style16'),
(17, 'style17'),
(18, 'style18'),
(19, 'style19'),
(20, 'style20'),
(21, 'style21'),
(22, 'style22'),
(23, 'style23'),
(24, 'style24'),
(25, 'style25'),
(83, 'style0');

--
-- Индексы сохранённых таблиц
--

--
-- Индексы таблицы `book`
--
ALTER TABLE `book`
  ADD PRIMARY KEY (`Book_id`),
  ADD KEY `Style_id` (`Style_id`),
  ADD KEY `Recency_id` (`Recency_id`),
  ADD KEY `Books on the hands id` (`Location_id`),
  ADD KEY `Books_on_the_hands_id` (`Location_id`);

--
-- Индексы таблицы `location`
--
ALTER TABLE `location`
  ADD PRIMARY KEY (`Location_id`);

--
-- Индексы таблицы `reader`
--
ALTER TABLE `reader`
  ADD PRIMARY KEY (`User_id`),
  ADD KEY `Books on the hands` (`Location_id`),
  ADD KEY `Books_on_the_hands_id` (`Location_id`);

--
-- Индексы таблицы `recency`
--
ALTER TABLE `recency`
  ADD PRIMARY KEY (`Recency_id`);

--
-- Индексы таблицы `style`
--
ALTER TABLE `style`
  ADD PRIMARY KEY (`Style_id`);

--
-- AUTO_INCREMENT для сохранённых таблиц
--

--
-- AUTO_INCREMENT для таблицы `book`
--
ALTER TABLE `book`
  MODIFY `Book_id` int(10) UNSIGNED NOT NULL AUTO_INCREMENT, AUTO_INCREMENT=779;

--
-- AUTO_INCREMENT для таблицы `location`
--
ALTER TABLE `location`
  MODIFY `Location_id` int(10) UNSIGNED NOT NULL AUTO_INCREMENT, AUTO_INCREMENT=26;

--
-- AUTO_INCREMENT для таблицы `reader`
--
ALTER TABLE `reader`
  MODIFY `User_id` int(10) UNSIGNED NOT NULL AUTO_INCREMENT, AUTO_INCREMENT=556;

--
-- AUTO_INCREMENT для таблицы `recency`
--
ALTER TABLE `recency`
  MODIFY `Recency_id` int(100) UNSIGNED NOT NULL AUTO_INCREMENT, AUTO_INCREMENT=26;

--
-- AUTO_INCREMENT для таблицы `style`
--
ALTER TABLE `style`
  MODIFY `Style_id` int(10) UNSIGNED NOT NULL AUTO_INCREMENT, AUTO_INCREMENT=84;

--
-- Ограничения внешнего ключа сохраненных таблиц
--

--
-- Ограничения внешнего ключа таблицы `book`
--
ALTER TABLE `book`
  ADD CONSTRAINT `book_ibfk_1` FOREIGN KEY (`Recency_id`) REFERENCES `recency` (`Recency_id`),
  ADD CONSTRAINT `book_ibfk_2` FOREIGN KEY (`Style_id`) REFERENCES `style` (`Style_id`),
  ADD CONSTRAINT `book_ibfk_3` FOREIGN KEY (`Location_id`) REFERENCES `location` (`Location_id`);

--
-- Ограничения внешнего ключа таблицы `reader`
--
ALTER TABLE `reader`
  ADD CONSTRAINT `reader_ibfk_1` FOREIGN KEY (`Location_id`) REFERENCES `location` (`Location_id`);
COMMIT;

/*!40101 SET CHARACTER_SET_CLIENT=@OLD_CHARACTER_SET_CLIENT */;
/*!40101 SET CHARACTER_SET_RESULTS=@OLD_CHARACTER_SET_RESULTS */;
/*!40101 SET COLLATION_CONNECTION=@OLD_COLLATION_CONNECTION */;
